{
  "algorithm": "backward_elimination",
  "config": {
    "gamma": 60.0,
    "metric": "mean_abs",
    "n_models": 20,
    "model_names": [
      "augsburg",
      "basel",
      "bern",
      "bordeaux",
      "bremen",
      "cagliari",
      "constance",
      "darmstadt",
      "essen",
      "hamburg",
      "losangeles",
      "luzern",
      "madrid",
      "marseille",
      "speyer",
      "strasbourg",
      "taipeh",
      "torino",
      "wolfsburg",
      "zurich"
    ],
    "data_csv": "/home/s243168/EPCRC/data/utd19_u.csv",
    "pipeline": {
      "horizon_steps": 12,
      "lag_steps": [
        1,
        2,
        3,
        6
      ],
      "max_days_per_city": 14,
      "max_detectors_per_city": 40,
      "min_points_per_detector": 2000,
      "min_train": 500,
      "min_val": 200,
      "min_test": 200,
      "max_fit_samples": 1500,
      "max_eval_samples": 1500,
      "seed": 0
    },
    "model_params": {
      "max_iter": 300,
      "learning_rate": 0.05,
      "max_depth": 6,
      "max_leaf_nodes": 31,
      "min_samples_leaf": 40,
      "l2_regularization": 0.0
    },
    "per_city_train_rmse": {
      "augsburg": 64.54565225704211,
      "basel": 70.45288639490227,
      "bern": 61.12899241571613,
      "bordeaux": 97.24145036763588,
      "bremen": 99.27206999909681,
      "cagliari": 148.48542171464425,
      "constance": 58.50224250856013,
      "darmstadt": 81.95654804599451,
      "essen": 54.318629984862945,
      "hamburg": 85.15832602554289,
      "losangeles": 155.73777991461563,
      "luzern": 88.20961972991162,
      "madrid": 142.60781745860578,
      "marseille": 154.34796078185988,
      "speyer": 76.53646679643407,
      "strasbourg": 108.27143370566897,
      "taipeh": 151.9208171575769,
      "torino": 141.05111365599782,
      "wolfsburg": 108.1674990329208,
      "zurich": 68.83190460658774
    },
    "Y_fit_shape": [
      1500,
      20
    ],
    "Y_eval_shape": [
      1500,
      20
    ]
  },
  "wall_time_seconds": 1.9167,
  "final": {
    "kept_set_size": 15,
    "coverage_E_S": 58.714239622192984,
    "sum_uniqueness_U": 262.08359776688695,
    "satisfies_gamma": true,
    "kept_set_names": [
      "augsburg",
      "basel",
      "bern",
      "bordeaux",
      "cagliari",
      "constance",
      "darmstadt",
      "essen",
      "losangeles",
      "madrid",
      "marseille",
      "strasbourg",
      "torino",
      "wolfsburg",
      "zurich"
    ],
    "removed_set_names": [
      "bremen",
      "hamburg",
      "luzern",
      "speyer",
      "taipeh"
    ]
  },
  "steps": [
    {
      "kept_set_idx": [
        0,
        1,
        2,
        3,
        4,
        5,
        6,
        7,
        8,
        9,
        10,
        11,
        12,
        13,
        14,
        15,
        16,
        17,
        18,
        19
      ],
      "kept_set_names": [
        "augsburg",
        "basel",
        "bern",
        "bordeaux",
        "bremen",
        "cagliari",
        "constance",
        "darmstadt",
        "essen",
        "hamburg",
        "losangeles",
        "luzern",
        "madrid",
        "marseille",
        "speyer",
        "strasbourg",
        "taipeh",
        "torino",
        "wolfsburg",
        "zurich"
      ],
      "kept_set_size": 20,
      "removed_set_idx": [],
      "removed_set_names": [],
      "removed_set_size": 0,
      "coverage_E_S": 0.0,
      "sum_uniqueness_U": 0.0,
      "satisfies_gamma": true,
      "U_mean": 0.0,
      "U_median": 0.0,
      "U_std": 0.0,
      "U_min": 0.0,
      "U_max": 0.0,
      "U_p25": 0.0,
      "U_p75": 0.0,
      "U_p90": 0.0,
      "U_p95": 0.0,
      "U_ext_mean": 0.0,
      "U_ext_max": 0.0,
      "U_ext_sum": 0.0,
      "n_models_violating_gamma": 0,
      "bottleneck_model_idx": 0,
      "bottleneck_model_name": "augsburg",
      "bottleneck_uniqueness": 0.0,
      "routing_avg_n_nonzero_weights": 0.0,
      "routing_max_weight_mean": 0.0,
      "routing_weight_entropy_mean": 0.0,
      "per_model_uniqueness": {
        "augsburg": 0.0,
        "basel": 0.0,
        "bern": 0.0,
        "bordeaux": 0.0,
        "bremen": 0.0,
        "cagliari": 0.0,
        "constance": 0.0,
        "darmstadt": 0.0,
        "essen": 0.0,
        "hamburg": 0.0,
        "losangeles": 0.0,
        "luzern": 0.0,
        "madrid": 0.0,
        "marseille": 0.0,
        "speyer": 0.0,
        "strasbourg": 0.0,
        "taipeh": 0.0,
        "torino": 0.0,
        "wolfsburg": 0.0,
        "zurich": 0.0
      },
      "iteration": 0,
      "action": "init",
      "changed_model_idx": null,
      "changed_model_name": null,
      "elapsed_seconds": 0.0004
    },
    {
      "kept_set_idx": [
        0,
        1,
        2,
        3,
        4,
        5,
        6,
        7,
        8,
        9,
        10,
        12,
        13,
        14,
        15,
        16,
        17,
        18,
        19
      ],
      "kept_set_names": [
        "augsburg",
        "basel",
        "bern",
        "bordeaux",
        "bremen",
        "cagliari",
        "constance",
        "darmstadt",
        "essen",
        "hamburg",
        "losangeles",
        "madrid",
        "marseille",
        "speyer",
        "strasbourg",
        "taipeh",
        "torino",
        "wolfsburg",
        "zurich"
      ],
      "kept_set_size": 19,
      "removed_set_idx": [
        11
      ],
      "removed_set_names": [
        "luzern"
      ],
      "removed_set_size": 1,
      "coverage_E_S": 39.98253364159487,
      "sum_uniqueness_U": 39.98253364159487,
      "satisfies_gamma": true,
      "U_mean": 1.9991266820797435,
      "U_median": 0.0,
      "U_std": 8.713991182521365,
      "U_min": 0.0,
      "U_max": 39.98253364159487,
      "U_p25": 0.0,
      "U_p75": 0.0,
      "U_p90": 0.0,
      "U_p95": 1.999126682079772,
      "U_ext_mean": 39.98253364159487,
      "U_ext_max": 39.98253364159487,
      "U_ext_sum": 39.98253364159487,
      "n_models_violating_gamma": 0,
      "bottleneck_model_idx": 11,
      "bottleneck_model_name": "luzern",
      "bottleneck_uniqueness": 39.98253364159487,
      "routing_avg_n_nonzero_weights": 19.0,
      "routing_max_weight_mean": 0.05263157894736842,
      "routing_weight_entropy_mean": 2.9444389791664403,
      "per_model_uniqueness": {
        "augsburg": 0.0,
        "basel": 0.0,
        "bern": 0.0,
        "bordeaux": 0.0,
        "bremen": 0.0,
        "cagliari": 0.0,
        "constance": 0.0,
        "darmstadt": 0.0,
        "essen": 0.0,
        "hamburg": 0.0,
        "losangeles": 0.0,
        "luzern": 39.98253364159487,
        "madrid": 0.0,
        "marseille": 0.0,
        "speyer": 0.0,
        "strasbourg": 0.0,
        "taipeh": 0.0,
        "torino": 0.0,
        "wolfsburg": 0.0,
        "zurich": 0.0
      },
      "iteration": 1,
      "action": "remove",
      "changed_model_idx": 11,
      "changed_model_name": "luzern",
      "elapsed_seconds": 1.917
    },
    {
      "kept_set_idx": [
        0,
        1,
        2,
        3,
        4,
        5,
        6,
        7,
        8,
        10,
        12,
        13,
        14,
        15,
        16,
        17,
        18,
        19
      ],
      "kept_set_names": [
        "augsburg",
        "basel",
        "bern",
        "bordeaux",
        "bremen",
        "cagliari",
        "constance",
        "darmstadt",
        "essen",
        "losangeles",
        "madrid",
        "marseille",
        "speyer",
        "strasbourg",
        "taipeh",
        "torino",
        "wolfsburg",
        "zurich"
      ],
      "kept_set_size": 18,
      "removed_set_idx": [
        9,
        11
      ],
      "removed_set_names": [
        "hamburg",
        "luzern"
      ],
      "removed_set_size": 2,
      "coverage_E_S": 47.29194376268687,
      "sum_uniqueness_U": 88.78609064365972,
      "satisfies_gamma": true,
      "U_mean": 4.439304532182986,
      "U_median": 0.0,